Date,City,Temperature_C,Humidity_%,Condition,Wind_Speed_kmh
2024-01-01,Berlin,,NA,,NA
2024-01-02,Paris,-1.2,,Stormy,
2024-01-03,London,,,,34.3
2024-01-04,Tokyo,,NA,Foggy,NA
2024-01-05,London,NA,84,Not Available,
2024-01-06,Berlin,,,Cloudy,NA
2024-01-07,London,NA,46,Cloudy,2.3
2024-01-08,Berlin,1.2,NA,Stormy,NA
2024-01-09,Berlin,NA,NA,Stormy,NA
2024-01-10,London,,78,Foggy,
2024-01-11,Mumbai,,95,Stormy,
2024-01-12,Tokyo,,NA,NA,
2024-01-13,Berlin,NA,,Not Available,30.9
2024-01-14,Berlin,NA,,,NA
2024-01-15,London,,,,44.7
2024-01-16,Tokyo,34.5,,Stormy,27.8
2024-01-17,Tokyo,NA,72,Foggy,
2024-01-18,Sydney,9.0,NA,Not Available,33.7
2024-01-19,London,36.5,52,Stormy,40.0
2024-01-20,Sydney,NA,27,Rainy,NA
2024-01-21,London,2.8,62,Rainy,NA
2024-01-22,New York,-2.5,,Foggy,NA
2024-01-23,Sydney,,46,Rainy,
2024-01-24,Tokyo,,,Sunny,
2024-01-25,New York,29.3,84,Sunny,27.8
2024-01-26,Paris,NA,NA,Stormy,
2024-01-27,Mumbai,,,Sunny,
2024-01-28,London,NA,78,Stormy,39.1
2024-01-29,Mumbai,-4.8,NA,Sunny,NA
2024-01-30,Sydney,,,Stormy,44.0
2024-01-31,Berlin,,NA,Sunny,NA
2024-02-01,Sydney,20.2,NA,Not Available,
2024-02-02,Mumbai,,,Snowy,NA
2024-02-03,New York,NA,,Rainy,NA
2024-02-04,London,27.0,,Sunny,
2024-02-05,Paris,,NA,Stormy,NA
2024-02-06,Paris,20.6,,Sunny,
2024-02-07,Berlin,,,Foggy,28.1
2024-02-08,Tokyo,,NA,Not Available,14.1
2024-02-09,Tokyo,39.1,,Snowy,35.6
2024-02-10,Tokyo,,71,Stormy,NA
2024-02-11,Tokyo,,NA,,NA
2024-02-12,Sydney,28.3,NA,NA,41.0
2024-02-13,Tokyo,,NA,NA,43.1
2024-02-14,Paris,,NA,Foggy,NA
2024-02-15,Tokyo,,NA,Rainy,22.7
2024-02-16,London,NA,,Sunny,
2024-02-17,Mumbai,NA,92,Snowy,
2024-02-18,London,NA,,Stormy,NA
2024-02-19,Sydney,,47,Rainy,
2024-02-20,London,2.3,41,NA,
2024-02-21,Berlin,,,Snowy,
2024-02-22,New York,26.6,27,Sunny,NA
2024-02-23,Paris,,50,NA,NA
2024-02-24,New York,,NA,NA,
2024-02-25,Mumbai,NA,NA,Stormy,
2024-02-26,Berlin,9.6,,Foggy,
2024-02-27,Tokyo,,NA,Cloudy,9.3
2024-02-28,Mumbai,6.2,NA,,
2024-02-29,London,NA,96,Snowy,
2024-03-01,New York,NA,NA,Foggy,17.3
2024-03-02,New York,16.8,NA,NA,
2024-03-03,Berlin,,NA,Snowy,NA
2024-03-04,Mumbai,23.1,NA,Not Available,
2024-03-05,Sydney,13.3,,Snowy,
2024-03-06,New York,6.6,NA,Cloudy,
2024-03-07,Tokyo,,52,Sunny,
2024-03-08,Sydney,0.1,,Stormy,
2024-03-09,Tokyo,23.7,NA,Snowy,
2024-03-10,New York,NA,NA,Sunny,2.1
2024-03-11,Berlin,,48,,
2024-03-12,Berlin,NA,22,Snowy,NA
2024-03-13,London,NA,35,,NA
2024-03-14,Berlin,NA,,Cloudy,
2024-03-15,Sydney,NA,,NA,
2024-03-16,London,,,Sunny,47.1
2024-03-17,Sydney,NA,NA,Snowy,28.5
2024-03-18,London,23.3,NA,Stormy,
2024-03-19,Paris,NA,,Foggy,NA
2024-03-20,Mumbai,17.7,,Snowy,21.2
2024-03-21,New York,,35,NA,
2024-03-22,Mumbai,NA,NA,Sunny,
2024-03-23,Berlin,,NA,Stormy,37.2
2024-03-24,London,NA,NA,Cloudy,
2024-03-25,London,,NA,Not Available,13.4
2024-03-26,London,NA,,Foggy,
2024-03-27,London,,45,Snowy,
2024-03-28,Sydney,NA,,Rainy,
2024-03-29,London,NA,NA,Cloudy,
2024-03-30,Sydney,NA,53,NA,NA
2024-03-31,London,6.4,21,NA,NA
2024-04-01,New York,NA,,Rainy,
2024-04-02,Tokyo,,82,Not Available,
2024-04-03,Berlin,,,NA,2.3
2024-04-04,Paris,,,Not Available,4.1
2024-04-05,Mumbai,32.3,77,Not Available,NA
2024-04-06,New York,22.6,,NA,
2024-04-07,Tokyo,31.7,25,Foggy,4.3
2024-04-08,New York,NA,NA,Stormy,25.6
2024-04-09,Paris,26.2,NA,NA,
2024-04-10,Paris,,88,Not Available,NA
2024-04-11,Paris,,NA,Cloudy,
2024-04-12,Berlin,29.0,,NA,NA
2024-04-13,New York,,NA,,
2024-04-14,Sydney,NA,45,NA,
2024-04-15,Tokyo,,NA,Foggy,38.0
2024-04-16,New York,15.5,69,Snowy,48.1
2024-04-17,Paris,NA,NA,NA,31.1
2024-04-18,Tokyo,,23,Not Available,46.7
2024-04-19,Mumbai,NA,,Rainy,
2024-04-20,Paris,-1.3,86,Stormy,NA
2024-04-21,Mumbai,NA,NA,Foggy,
2024-04-22,Paris,25.3,,NA,
2024-04-23,Mumbai,36.3,94,Sunny,20.0
2024-04-24,Sydney,31.6,NA,Not Available,32.8
2024-04-25,Mumbai,,,NA,22.1
2024-04-26,Sydney,,NA,Foggy,26.4
2024-04-27,Sydney,NA,,Not Available,NA
2024-04-28,Mumbai,,NA,Not Available,NA
2024-04-29,Sydney,NA,62,NA,42.6
2024-04-30,Berlin,17.8,44,Cloudy,NA
2024-05-01,Berlin,NA,NA,Not Available,44.7
2024-05-02,Paris,,,NA,3.7
2024-05-03,New York,NA,,Rainy,NA
2024-05-04,London,32.1,NA,,0.9
2024-05-05,Tokyo,3.8,,Foggy,25.3
2024-05-06,Sydney,29.4,97,Not Available,
2024-05-07,New York,,NA,Foggy,NA
2024-05-08,Paris,,51,Stormy,13.5
2024-05-09,Berlin,NA,,Cloudy,NA
2024-05-10,London,,NA,,11.8
2024-05-11,Sydney,NA,67,Not Available,16.9
2024-05-12,Sydney,NA,NA,NA,
2024-05-13,Sydney,3.1,,,NA
2024-05-14,Tokyo,38.3,NA,Foggy,NA
2024-05-15,Berlin,,63,Snowy,NA
2024-05-16,Paris,NA,40,,NA
2024-05-17,Sydney,,84,Rainy,NA
2024-05-18,London,10.8,28,Cloudy,NA
2024-05-19,Sydney,,51,,
2024-05-20,Tokyo,,40,,
2024-05-21,New York,17.9,63,Rainy,
2024-05-22,Paris,4.0,,Not Available,
2024-05-23,Tokyo,NA,,Stormy,45.1
2024-05-24,Tokyo,18.9,49,NA,NA
2024-05-25,Mumbai,22.2,100,,NA
2024-05-26,Sydney,NA,NA,NA,14.3
2024-05-27,Mumbai,16.4,NA,Rainy,NA
2024-05-28,Tokyo,,44,Not Available,17.3
2024-05-29,Paris,,,Snowy,NA
